Adlerweg;DI 2;DI 2;DI 2;15
Adolf-Grimme-Str.;DO 2;DO 2;DO 2;14
Agnesstr.;D0 2;D0 1;D0 2;29
Ahornweg;MI 1;MI 1;DI 2;13
Akazienweg;MI 1;MI 1;DI 2;13
Alberskamp;DI 1;DI 1;DI 2;7
Allensteiner Str.;D0 1;DO 1;D0 2;4
AIoys-Weddeling-Str.;FR 2;FR 2;MO 1;9
Alpenrosenweg;M0 2;M0 2;M0 2;8
Alte Brüderstr.;D0 2;DO 2;D0 2;14
Alte Str.;DI 1;DI 1;DI 2;7
Altendorfer Str.;FR1;FR 2;M0 1;1
Alter Hervester Weg;M0 1;FR1;M0 1;12
Alter Polsumer Weg;FR1;FR 2;M0 1;1
Altmarkt;FR 2;FR 2;FR 2;25
Altweide;FR 2;FR 2;M0 1;9
Am Alten Kotten;FR1;FR 2;M0 1;1
Am Alten Pfarrhaus;FR1;FR 2;M0 1;1
Am Alten Pütt;DI 2;DI 2;M0 2;13
Am Alten Sportplatz;D0 2;D0 2;D0 2;16
Am Bachufer;DI 1;DI 1;DI 2;3
Am Busch;FR 2;FR 2;M0 1;26
Am Diekkamp;FR 1;FR 2;M0 1;1
Am Dörnenkamp;FR1;FR 2;M0 1;1
Am Echtenhoff;FR 2;FR 2;M0 1;9
Am Erzschacht;MI 2;MI ?;MI 2;17
Am Gänsebrink;Mo 2;Mo 2;Mo 2;13
Am Gernegraben;Mo 2;Mo 3;Mo 4;8
Am Gro8eu Grr+rte;M0 2;MU I;M0 2;21
Am Hidding;DI 1;DI 1;DI 2;7
Am Hole;FR1;FR 2;M0 1;12
Am Hülsberg;M0 1;M0 1;DI 2;21
Am Jahn-Stadion;M0 1;M0 2;M0 2;23
Am Kanal 0-320;M0 1;FR 1;M0 1;12
Am Kanal 323-347;M0 1;FR 2;M0 1;12
Am Knäpken;DI 1;DI 1;DI 2;7
Am Loe;D0 1;M0 2;M0 2;30
Am Lütkenkamp außer 16a;FR 1;MJ 1;M0 1;30
Am LütkenKamp 16a;D0 1;MI 1;M0 1;30
Auf dem Anschuss;FR 1;FR 2;M0 1;1
Auf dem Hügel;DI 2;DI 2;DI 2;20
Auf der Ruhr;DI 1;DI 1;DI 2;15
Auf Höwings Feld;D0 1;MI 1;M0 2;30
Augustastr.;M0 2;M0 2;M0 2;23
August-Schmidt-Str.;M0 2;M0 2;M0 2;23
Bachackerweg;DI 1;DI 1;DI 2;15
Bachstelzenweg;DI 2;DI 2;DI 2;20
Bachstr.;MI 1;MI 1;MI 2;13
Badische Str.;M! 1;MI 1;MI 2;2
Bahnhofstr. 1-159;M0 2;M0 1;M0 2;21
Bahnhofstr. 160/ 163-204;M0 1;M0 1;M0 2;18
Baldurstr.;DI 1;DI 1;DI 2;3
BaIthasar-Neumann-Str.;FR 1;FR1;FR 2;26
Baltrumer  Str.;D0 1;M0 2;M0 2;22
Barbarastr.;FR 2;FR1;FR 2;11
Barkhausstr.;D0 1;D0 1;DO 2;25
Banholomäusstr.;FR1;FR 2;M0 1;1
Bartokstr.;MO 1;M0 2;M0 2;6
Bayernstr.;MI 1;MI 1;MI 2;2
Bebelstr.;D0 2;D0 2;DO 2;10
Beethovenstr.;DI 2;DI 2;M0 2;23
Begonienstr.;MI 2;MI 2;MI 2;5
Benzstr.;M0 2;M0 1;DI 2;21
Bergstr  1-54;MI 1;MI 1;MI 2;13
Bergstr. 60 - 166 / 173;MI 2;Mi 2;MI 2;24
Bergst. 175 / 182-233;Do 2;Do 2;Do 2;14
Biberweg;Fr 2;Fr 1;Fr 2;11
Birkenbusch;MO 1;MI   1;M0 2;18
Birkenkamp;MI 1;MI  1;MI 2;17
Birkenstr.;DI 2;Bl 1;DI 2;3
Birkhuhnstr.;DI 1;DI 1;D! 2;19
Bitterfelder Str.;MI 2;MI 2;MI 2;10
Blumenstr.;FR1;FR1;FR 2;26
Bogenstr.;D0 1;D0 1;FR 2;28
Bohnenkamp;DI 1;DI 1;DI 2;7
Bonifatiusstr.;D0 2;DO 1;DO 2;29
Borgsheider Weg;M0  1;M0 1;M0 2;18
Borkumer Str.;D0 1;M0 2;M0 2;22
Carl-Duisberg-Str. 1-59;DI 2;DI 2;DI 2;20
Carl-Duisberg-Str. 111-Ende;DI 2;DI 1;DI 2;20
Carl-Spitzweg-Str.;FR 1;FR1;FR 2;26
Centrumstr.;D0 1;D0 2;D0 2;29
Cheruskerstr.;DI 1;DI 1;DI 2;3
Clara-Wieck-Str.;DI 2;M0 2;M0 2;23
Creiler Platz;D0 2;D0 2;D0 2;14
Dahlbrede;D0 1;M0 2;M0 2;30
Dahlienstr.;MI 2;MI 2;MI 2;5
Daimlerstr.;M0 2;M0 1;DI 2;21
Dammstr;FR 2;FR1;M0 1;25
Deipenbrauk;FR 1;FR 2;M0 1;1
Dennenkamp;FR1;FR 2;M0 1;1
Dickebank;DI 2;DI 2;DI 2;20
Dieselstr.;M0 2;M0 1;DI 2;21
Dorfstr.;FR 2;FR 2;M0 1;9
Dormagener Str.;MI 2;MI 2;MI 2;10
Dorstener Str.;FR1;FR 2;M0 1;27
Dr.-BrüII-Str.;FR1;FR 1;FR 2;25
Dr.-KIausener-Str.;M0 1;M0 2;M0 2;23
Drewerstr.;MT 1;D0 2;MI 2;16
Drosselstr.;DI 1;DI 1;DI 2;15
Droste-HüIshoff-Str.;M0 1;M0 1;M0 2;23
Dümmerweg 201-250;MI 2;MI 2;D0 2;5
Dürerstr. ;FR1;FR 1;FR 2;26
Eduard-Weitsch-Weg;D0 1;D0 2;D0 2;14
Eibischweg;M0 2;M0 2;M0 2;8
Eichendorffweg;D0 1;DO 1;FR 2;28
Eichenstr.;D0 1;MI 1;MO 2;30
Eifelweg;MI 1;MI 1;MI 2;2
Elbestr.;D0 2;FR 1;M0 1;12
Elbinger Str.;D0 1;D0 1;D0 2;4
Elisabethstr.;D0 2;MI 1;D0 2;29
Elsa-Brändström-Str.;D0 2;D0 2;D0 2;10
Elsternstr.;DI 2;DI 2;DI 2;15
Emslandstr.;D0 2;DO 2;D0 2;16
Erlbrüggestr. (außer 1-7);M0 1;FR1;FR 2;26
ErIbrüggestr.1-7;FR1;FR1;FR2;27
Erlenkampstr.;D02;D02;D02;10
Ernst-BarTach-Str.;FR1;FR1;FR2;26
ErperFeld;FR2;FR2;M01;1
Fährweg;M0 1;Dl’1;DI 2;12
Falkenstr.;DI 2;DI 2;DI 2;15
Fanny-Hensel-Weg;M0 1;M0 1;M0 2;6
Fasanenstr.;DI 2;DI 2;DI 2;15
Feldweg;M0 1;DI 1;D! 2;12
Femstr.;FR 2;FR 2;M0 1;26
Feuerbachstr.;FR1;FR1;FR 2;26
Fichteweg;D0 1;D0 1;FR 2;28
Finkenstr.;DI 2;DI 2;DI 2;15
Flämingstr.;MI 1;MI 1;MI 2;30
Fliederstr.;MI 2;MI 2;MI 2;5
Flö8wiese;MI 2;MI 2;MI 2;17
Flurstr.;DI 1;DI 1;DI 2;7
Försterbusch;D0 1;D0 2;D0 2;14
Forststr.;M0 1;FR 1;M0 1;12
Frankenstr.;MI 1;MI 1;MI 2;2
Franz-EmsChermann-Str.;FR1;FR 2;M0 1;9
Franz-Knauschner-Str.;FR1;FR1;FR 2;11
Franz-Lehär-Str.;M0 1;M0 2;M0 2;6
Freerbruchstr. 1-36;D0 1;D0 1;D0 2;4
Freerbruchstr. 62-135;D0 1;MI 1;MI 2;30
Freiligrathstr.;FR 2;FR1;FR 2;27
Frentroper Str.;FR1;FR 2;M0 1;12
Friedhofstr.;FR 2;FR 2;M0 1;9
Friedrich-Ebert-Str.;FR 2;FR 1;M0 1;25
Friedrich-EngeIs-Str. (außer 13-19);D0 2;D0 2;D0 2;16
Friedrich-Enge!s-Str. 13-19;MI 2;D0 2;D0 2;16
Friedrichstr.;M0 2;M0 2;M0 2;13
Friedrich—Wilhelm-Weber-Str.;FR 2;FR 1;FR 2;27
Friesenstr.;MI 1;MI 1;MI 2;2
Fritz-Haber-Str.;DO 1;D0 2;D0 2;14
Fritz-Reuter-Str.;M0 1;M0 2;M0 2;22
Fuldastr.;D0 2;FR1;MO 1;12
Garmannstr.;Fr 2;FR1;FR 2;25
Gartenstr.;Di 1;DI 1;DI 2;7
Gaußstr.;Do 2;D0 2;D0 2;14
Gebrüder-Grimm-Str.;Do 1;D0 1;FR 2;28
Geibelstr.;Do 1;D0 1;FR 2;28
Gendorfer Str.;Mi 2;MI 2;MI 2;10
Georg-Herwegh-Str. 1-67;Mo 1;MO 1;M0 2;23
Georg—Herwegh-Str. 100-191;Mo 1;M0 1;M0 2;6
Georg—Kolbe-Weg;Fr 1;FR1;FR 2;26
Gerdastr.;Do 2;D0 1;D0 2;29
Gerhard Jüttner-Weg;Mo 1;M0 1;Mo 2;23
Gerhan-Hauptmann-Str.;Do 1;D0 1;FR 2;28
Gernotstr.;Mi 1;MI 1;MI 2;24
Gersdorffstr.;Mi 1;MI 1;DI 2;13
Gersthofener Str, ;Mi 2;MI 2;MI 2;10
Ginsterweg;Mo 2;M0 2;M0 2;8
Gladiolenstr.;Mi 2;MI 2;MI 2;5
Glatzer Str.;Fr 2;Fr 1;Do 2;4
Gleiwitzer Str.;Fr 2;Fr 1;Do 2;4
Glogauer Str. ;Fr 2;Fr 1;Do 2;4
Glückaufstr.;FR 2;MI 1;FR 2;11
Gluckstr.;M0 1;M0 1;MO 2;6
Goethestr.;FR 2;FR1;FR 2;28
Goldammerweg;DI 1;DI 1;DI 2;19
Goldregenstr.;M0 2;M0 2;M0 2;8
Grabbestr.;FR 2;FR 1;FR 2;27
Grabengasse;DI 1;DI 1;DI 2;7
Graewenkolkstr.;M0 1;M0 1;M0 2;21
Greifenberger Str.;D0 1;D0 1;D0 2;4
Grenzstra8e;FR1;FR 2;M0 1;12
Griesheimer Str.;Mi 2;Mi 2;Mi 2;10
Grillparzerweg.;Do 1;Do 1;Fr 2;28
Grotekampstr.;Mi 1;Do 2;Mi 2;17
Grubenfeld;FR 2;FR1;FR 2;11
Grünberger Str.;FR 2;FR 1;D0 2;4
Grüne Str.;FR 2;MI 1;FR 2;11
Grüner Weg;FR 2;MI 1;FR 2;11
Grüner WinKel;FR 2;MI 1;FR 2;11
Gudrunstr.;MI 1;MI 1;MI 2;24
Guido-HeiIand-Str.;FR 2;FR 1;M0 1;25
Gunterstr.;MI 2;MI 2;MI 2;24
Gustav-Feqag-St.;D01;D01;FR 2;28
Gustav-Mahler-Str. ;Di 2;Di 2;Mo 2;23
Haardgrenzweg  ;Do 1;M0 1;Mo 2;18
Haardstr.     ;Do 2;D0 1;Do 2;29
Habichtstr.    ;Di 1;DI 1;Di 2;19
Hadubrandstr.  ;Mi 2;MI 2;Mi 2;24
Hafenweg  ;Mo 1;DI 1;Di 2;7
Hagenstr.  ;Do 1;DO 2;Do 2;14
Halterner Str. 16-84 ;Do 1;M0 2;Mo 2;18
Halterner Str. 245-393;Do 1;M0 1;Mo 2;18
Halterner Str. 75-228;Mo 1;M0 1;Mo 2;18
Hamalandweg;Mi1;MI 1;Mi 2;2
Hammer Str.;Di 1;DI 1;Di 2;7
Hammkamp ;Fr 2;FR 2;Mo 1;9
Händelstr.  ;Mo 1;MO 2;Mo 2;6
Hänflingweg  ;Di 1;DI 1;Di 2;19
Hans-Josef-0verbeck-Straße;Do 2;D0 2;Do 2;16
Hans-Sachs-Weg;FR 2;FR 1;FR 2;27
Hans-Thoma-Str.;FR1;FR 1;FR 2;26
Haselnußweg;M0 2;M0 2;M0 2;18
Hasenkamp;DI 1;DI 1;DI 2;7
Havellandstr.;MI 1;MI 1;MI 2;30
Hebbelstr.;FR 2;FR1;FR 2;27
Heidekamp;DI 1;DI 1;DI 2;7
Heidestr.;DI 2;DI 1;DI 2;3
Heimkampstr.;FR1;FR 2;M0 1;9
Heinrch-BoLSt.;DOB;D01;FR2;28
Heinrich-Heine-Str.;FR 2;MI 1;FR 2;27
Heinrich-Leyers-Str.;OR 2;FR 2;M0 1;9
Heinrich-von-Kleist-Str.;FR 2;FR1;FR 2;27
Heisterkampstr.;MI 1;MI 1;MI 2;17
Hellweg;FR 2;FR 2;M0 1;9
Hembrauk;FR1;FR1;FR 2;25
Herderstr.;FR 2;FR1;FR 2;27
Hermann-Löns-Str.;DI 2;DI 2;DI 2;15
Hermannstr.;DI 1;DI 1;DI 2;3
Herner Weg;M0 1;DI 1;DI 2;12
Henastr.;D0 2;D0 1;D0 2;29
Hertener Str.;FR1;D0 1;M0 1;30
Hervester Str. 2-8;FR 2;D0 2;D0 2;14
Hervester Str. 24-61;FR 1;D0 1;FR 2;28
Hervester Str. 70-208;FR 1;FR1;FR 2;28
Herzlia-Allee;D0 2;DO 2;D0 2;14
Hessische Str.;MI 1;MI 1;MI 2;2
Hesternkampstr.;Di 1;Di 1;DI 2;7
Heyerhoffstr.;Mi 2;Mi 2;Mi 2;24
Hiberniastr.;Mi 2;Mi 2;Mi 2;10
Hildebrandstr.;Mi 2;Mi 2;Mi 2;24
Hilgenort;Fr 1;Fr 2;M0 1;1
Hirschberger Str.;D0 1;00 1;D0 2;25
Hirtenweg;MI 2;MI 2;MI 2;17
Höchster Str.;MI 2;MI 2;MI 2;10
Hochfeldstr.;DI 2;MI 1;MI 2;22
Hochstr.;D0 1;D0 1;M0 1;25
Höfestr.;FR1;FR 2;M0 1;9
Holbeinstr.;FR1;FR1;FR 2;26
Hölderlinweg.;D0 1;D0 1;FR 2;28
Holsteiner Str.;D0 2;D0 2;D0 2;16
Holunderstr.;Mo 2;Mo 2;Mo 2;18
Hülsbergstr. 2 (THW);Do 1;Mo 2;Mo 2;6
Hülsbergstr. 61 - 191;Mo 1;Mo 2;Mo 2;6
Hülsbergstr. 198 - 253;Mo 1;Mo 1;Mo 2;21
Hülsbergstr. 255 - Ende;Mo 1;Mo 1;Di 2;21
Hülsdauer Str. ;Fr 1;Fr 2;Mo 1;1
Hülsmannsfeld;M0 2;M0 2;M0 2;8
Hülsstr. 1-117 (außer 26-30);DI 2;DI 2;M0 2;22
HüTsstr. 26-30;M0 2;DI 2;M0 2;22
Hülsstr. 119-301;DO 1;M0 2;M0 2;6
Hüppelswick;DI 1;DI 1;DI 2;7
lm Finn;DI 1;DI 1;DI 2;7
lm Frett;MI 1;MI 1;MI 2;2
lm Giesenfeld;FR 2;FR 2;M0 1;1
Im Gleisbogen;M0 2;M0 1;DI 2;21
lm Heiken;FR 1;FR 2;M0 1;1
lm Gesterkamp;FR 1;FR 2;M0 1;1
lm Kamp;DI 1;DI 1;DI 2;7
lm Kreuzeck;FR 1;FR 2;M0 1;1
lm Loh;M0 1;DI 1;DI 2;12
Im Lohenfeld;FR 2;FR 1;FR 2;25
Im Mersch;M0 1;DI 1;DI 2;12
lm Natrop;MI 2;MI 2;MI 2;2
Im Ophoff;FR 1;MI 1;M0 1;30
Im Ortchen;FR1;FR1;FR 2;25
Im Silberkamp;M0 1;M0 2;M0 2;6
lm Singelsen;MI 1;MI 1;MI 2;2
Im Spanenkamp;MI 1;MI 1;MI 2;24
lm Stillen Eck;FR 2;MI 1;FR 2;11
Im Winkel;MI 1;MI 1;MI 2;2
Imenkampstr.;MI 2;MI 2;MI 2;2
In de Flaslänne 1-21;M0 1;M0 2;M0 2;8
lndeFasänne22-94;M0 2;M0 2;M0 2;8
In den Gärten;FR1;FR1;FR 2;25
In den Kämpen;MI 2;MI 2;MI 2;17
In den Orthöfen;MI 1;MI 1;MI 2;2
In den Weiden;M0 1;DI 1;DI 2;12
lnsterburger Str.;D0 1;D0 1;D0 2;4
Jasminweg;M0 1;M0 2;M0 2;18
Johannes-Birkenfeld-Str.;FR 2;FR1;FR 2;25
Johannes-Brahms Str.;DI 2;DI 2;M0 2;23
Johannes-Falk-Str.;MI 2;MI 2;MI 2;10
Johannesstr.;DO 1;MI 1;MI 2;30
Johann-Hütter-Str.;FR 2;FR1;FR 2;11
Josefa-Lazuga-Str.;D0 2;D0 1;D0 2;14
Josefstr.;M0 1;M0 1;M0 2;23
Joseph-Haydn-Str.;DI 2;DI 2;M0 2;22
Juister Str.;D0 1;M0 2;M0 2;22
Julie-Kolb-Straße;D0 2;D0 2;D0 2;16
Julius—Leber-Str.;M0 1;M0 2;M0 2;23
Julius-Wegener-Str.;FR 2;FR 2;M0 1;9
Jupiterweg;D0 2;D0 2;D0 2;14
Jürgen-Schmeling-Str.;FR1;FR1;FR 2;26
 Justus-von Liebiq Str;Do 2;Do 2;Do 2;14
Kanphoffstr.;MI 1;Mi 1;Mi 2;17
Kampstr. 1-84 / 89;DO 2;Do 2;Do 2;29
Kampstr. 86 / 91-125;MI 2;Mi 2;Mi 2;10
Kampstr. 126—141;MI 2;Mi 2;Mi 2;10
Kapellenweg;FR 2;Fr 2;Mo 1;9
Kardenstr.;FR 1;FR 2;Mo 1;9
Karl-Breuing-Str.;DO 1;MI 1;Mi 2;30
Kar!-Liebknecht-Str.;MI 2;MI 2;Mi 2;17
Karl-Marx-Str.;Do 2;Do 2;Do 2;10
Karlstr. ;Mo 2;Mo 2;Mo 2;13
Kaspar-Grove-Str.;FR1;FR1;FR2;25
Kathe-KolIwitz-Str.;FR1;FR1;FR2;26
Kerkenkamp;FR1;FR2;M01;1
Kiebiust;Dl2;Dl2;Dl2;15
Kiefernstr.;FR 2;MI 1;FR 2;11
Kinderheimstr.;MI 1;MI 1;MI 2;24
Kirchplatz;FR 2;FR 2;M0 1;9
Kirchstr.;FR 2;FR 2;MO 1;9
Klosterstr.;FR1;FR 2;M0 1;9
Knappenstr.;DI 2;DI 2;DI 2;20
Kniestr.;DI 2;DI 2;M0 2;13
Kolberger Str.;D0 1;DO 1;D0 2;4
Kolpingstr.;FR1;FR 2;M0 1;9
Königsberger Str.;D0 1;D0 1;D0 2;4
ß0LI£ad-Adenauer-Platz;D0 2;FR1;D0 2;14
Römerstr.;M0 1;M0 1;M0 2;23
Konhausen;D0 1;M0 2;M0 2;6
Korthausener Weg;D0 1;M0 1;M0 2;6
Korthauser  Heide;M0 1;M0 1;M0 2;21
Kösliner Str.;D0 1;DO 1;D0 2;4
Kötterweg;FR1;FR 2;M0 1;9
Krablerstr.;D0 2;D0 1;D0 2;29
Kranichstr.;DI 1;DI 1;DI 2;19
Kreuzstr.;D0 1;DO 1;D0 2;4
Kriemhildestr.;MI 1;MI 1;MI 2;24
Krimpenbruch;DI 2;MI 1;MI 2;22
Krummen Weg;MI 2;MI 2;MI 2;17
Kuhlmannsweg;FR1;FR 2;M0 1;1
Kurzer Weg;MI 2;MI 2;MI 2;17
Küsters Feld;FR 2;FR 2;M0 1;1
Langehegge;MI 1;MI 1;MI 2;2
Langenbochumer Str.;FR1;MI 1;M0 1;30
Langeooger Str.;M0 1;M0 2;M0 2;22
Lassallestr.;D0 2;D0 2;D0 2;16
Lausitzer Str.;MI 1;MI 1;MI 2;30
Lavendelweg;M0 1;M0 2;M0 2;8
Lehmbecker Pfad;MI 2;MI 2;MI 2;17
Lehmkamp;M0 2;M0 2;M0 2;8
Leiblstr.;FR1;FR1;FR 2;26
Lenkerbecker Weg 6-15;DI 1;DI 1;DI 2;7
Lenkerbecker Weg 73-97a;M0 1;DI 1;DI 2;12
Lerchenstr.;DI 1;DI 1;DI 2;15
Lessingstr.;DI 2;DI 2;DI 2;20
Leunaer Str.;MI 2;MI 2;M! 2;10
Leusheider Weg;FR1;FR 2;M0 1;1
Leverkusener Str.;M! 2;MI 2;MI 2;10
Liegnitzer Str.;FR 2;FR1;D0 2;4
Liguster Weg;M0 2;M0 2;M0 2;18
Lilienstr.;MI 2;MI 2;MI 2;5
Lindenstr.;DI 2;DI 1;DI 2;20
Linder Weg;FR1;MI 1;M0 1;30
Linnenkampstr.;FR 1;FR 2;M0 1;1
Lipper Weg 1 / 3/ 5;M0 2;DI 2;MI 2;22
Lipper Weg 2-89;MI ?;MI F;M! 2;24
Lipper Weg 90-Ende;MI ?;MT :›;MI 2;10
Lippestr.;Mo 1;Fr 2;Mo 1;12
Lipphöfestr.;MO 1;FR 2;M0 1;12
Lise-Meitner-Str.;FR 1;FR 2;M0 1;12
Lisztstr.;M0 1;MO 2;M0 2;4
Loekampstr.;DI 2;MI 1;MI 2;22
Loekamptor;DI 2;M! 1;MI 2;22
Loemühlenweg außer 261;D0 1;MI 1;M0 2;30
Loemühlenweg 261;DI 2;MI 1;M0 2;30
Loestr.;FR 2;FR1;FR 2;25
Löntroper Grenzweg;M0 1;M0 2;M0 2;6
Lortzingstr.;DI 2;DI 2;M0 2;22
Lothar-HentscheI-Str.;FR 2;FR1;FR 2;11
Lucas-Cranach-Str.;Fr1;Fr 1;Fr 2;26
Ludwigshafenerstr. ;Mi 2;Mi 2;Mi 2;10
Luisenweg;Do 2;Mi 1;Do 2 ;29
Luise-Rinser-Weg. ;Mo 1;Mo 1;Mo 2;23
Lüttinghofallee;Fr 2;Fr 2;Mo 1;9
Mainstr.;D02;FR1;M01;12
MargaretenpTatz;D0 2;DO 1;D0 2;29
Maria-Jacobi-Stra8e;D0 2;D0 2;D0 2;16
Marie-Curie-Str.;M0  1;M0  1;M0  2;21
Marie-Juchacz-Strage;MO 1;MO 2;M0 2;23
Marienweg;D0 2;MI 1;D0 2;29
Markenweg;FR1;FR 2;M0 1;12
Märkische Str.;MI 1;MI 1;MI 2;2
Marktplatz Huls;M0 2;M0 2;M0 2;13
Marler Stern;D0 2;DO 2;DO 2;14
Marler Str.;M0 1;DI 1;DI 2;12
Marsweg;D0 2;D0 2;D0 2;14
Martin-LutT  er-Str.;D0 2;MI 1;D0 2;28
Mathias-GrünewaId-Str,;FR 1;FR1;FR 2;26
Matthias-C!audius-Str.;FR 2;FR1;FR 2;27
Max-Liebermann-Str.;FR1;FR 1;FR 2;26
Max-Planck-Str.;DO 1;DO 2;DO 2;14
Max-Reger-Str.;DI 2;DI 2;M0  2;23
MeckTenbuïger  Sir.;MI 1;MI 1;MI 2;2
Meisenstr.;DI 1;DI 1;DI 2;19
Melissenweg;M0 1;M0 2;MO 2;8
Mellumer Str.;M0 1;M0 2;M0  2;22
Mendelssohnstr.;DI 2;DI 2;MO 2;22
Merkelheider Weg;DI 1;DI 1;DI 2;19
Merkurstr.;D0 2;D0 2;DO 2;14
Merseburger Weg;MI 2;MI 2;MI 2;10
Merveldtstr.;MI 1;MI 1;DI 2;13
MiTsenkamp;DI 1;DI 1;DI 2;7
Mispelweg;M0 1;M0 2;M0 2;8
Mittelstr.;MI 2;D0 2;MI 2;5
Morgensonnenweg;FR1;FR1;FR 2;11
Mörikestr.;D0 1;D0 1;FR 2;28
Mose!str.;D0 2;FR1;M0 1;12
Möwenweg;DI 2;DI 2;DI 2;20
Mozartstr.;DI 2;DI 2;M0 2;22
Mühlenstr.;DO 1;M0 2;M0 2;18
Münchsweg;M0 1;M0 2;M0 2;18
Münsterlandstr.;D0 2;D0 2;D0 2;16
Nachtigallenweg;DI 2;DI 2;DI 2;15
Neckarstr.;D0 2;FR1;M0 1;12
Nelkenstr.;MI 2;MI 2;MI 2;5
Neptunstr.;D0 2;D0 2;D0 2;14
Neue Schlenke;D0 2;D0 2;D0 2;16
Neulandstr.;M0 2;M0 2;M0 2;8
Neumarkstr.;MI 1;MI 1;MI 2;30
Nibelungenstr.;MI 2;MI 2;MI 2;24
Niggenkamp;DI 1;DI 1;DI 2;7
Nonnenbusch;M0 2;M0 1;M0 2;21
Norderneyer Str.;D0 1;M0 2;M0 2;22
Nordstr. ;MO 1;DI 1;DI 2;12
Notweg;D0 1;MO 2;M0 2;30
Oberkamp;FR 2;OR 2;M0 1;9
Obersinsen;D0 1;M0 2;M0 2;18
Obersinsener Str.;M0 2;M0 2;M0 2;8
Oderbruchstr.;MI 1;MI 1;MI 2;30
Oelmüllers Feld;DI 2;MI 1;MI 2;22
Oerstr.;M0 2;MO 2;M0 2;8
Ollenkanp;DI 1;DI 1;DI 2;7
0p dem Dümmer;MI 2;MI 2;MI 2;5
0phoJstr.;FR 2;FR1;M0 1;25
Oppauer Str.;MI 2;MI 2;MI 2;10
OppelnerSt.;FR 2;FR1;D0 2;4
Ortelsburger Str;DO 1;Do 1;Do 2;4
Ostpreußenstr;Mi 1;Do 2;Mi 2;16
Otto-Haarmann-Str;FR 1;Fr 1;Fr 2;11
0tto-Hue—Str.;M02;M02;M02;23
Otto  Krawehl-Str.;FR1;FR1;FR2;11
Ottostr. ;M02;M01;Dl2;21
0tto-Wels-Str.;Dl2;Dl2;Ml2;22
0velheiderWeg;Dl2;Dl2;M02;22
Parkweg;FR 2;FR 2;M0 1;26
Pastoratsweg;M0 2;M0 2;M0 2;13
Paul Baumann-Str.;MI 2;MI 2;MI 2;5
Paul-KIee-Str.;FR1;FR 1;FR 2;26
Paul-Schneider-Str.;MI 1;D0 2;M! 2;16
Pfalzstr.;MI 2;MI 2;MI 2;2
Philigg 0ttc-Rr»ge-Str.;FR 1;FR 1;FR 2;26
f’ir›t›‹rI«›ff;FR 2;FR 2;M0 1;9
Pirolw‹:‹;DI 1;DI 1;DI 2;19
Piusstra8e;M0 1;MI 2;FR 2;28
Plaggenbraucksti.;FR 2;FR1;FR 2;11
Pla8hofsbank;DI 2;DI 2;DI 2;20
Plac der Freiheit;MI 2;MI 2;MI 2;17
Polsumer Str.;FR 1;FR 2;M0 1;9
Pommernstr.;D0 2;D0 2;D0 2;16
Porschestr.;M0 2;M0 1;DI 2;21
Propst-Niehues—Str.;FR 2;FR1;FR 2;11
Prosperstr.;D0 1;D0 2;D0 2;29
Ouerweg;DO 2;D0 1;D0 2;29
Quittenweg;Mo 1;Mo 2;Mo 2;8
Raabestr.;D0 1;D0 1;FR 2;28
Rammesbrauk;FR1;FR 2;M0 1;9
Rappaportstr. 1-98;MI 2;D0 2;MI 2;5
Rappaportstr. 155-181;MI 2;MI 2;MI 2;5
Rathenaustr.;M0 2;M0 2;M0 2;13
Rebhuhnweg;DI 1;DI 1;DI 2;19
Recklinghäuser Str. 1-61;D0 1;D0 1;M0 1;30
Recklinghäuser Str.78-235;D0 1;MI 1;M0 1;30
Recklinghäuser Str. 322-348;FR 1;MI 1;M0 1;30
Reiherweg;DI 2;DI 2;DI 2;20
Rennbachstr.;FR1;FR  2;M0 1;12
Rennbaumstr.;FR1;FR 2;M0 1;9
Rheiderlandweg;MI 1;MI 1;MI 2;2
Rheinische Str.;MI 1;MI 1;MI 2;2
Rheinstahlstr.;FR1;FR1;FR 2;11
Ricarda-Huch-Str.;M0 1;M0 1;M0 2;13
Richterstr.;FR1;FR1;FR 2;26
Riedstr.;FR1;MI 1;M0 1;30
Riegestr.;FR 1;FR1;FR 2;27
Rilkestr.;D0 1;D0 1;FR 2;28
Ringerottstr.;M0 1;M0 1;M0 2;6
Ringstr.;D0 1;D0 1;FR 2;28
Robert-Bunsen-Str.;D0 2;D0 2;D0 2;14
Robert-Koch-Str.;FR1;FR1;FR 2;25
Rohrdommelweg;DI 2;DI 2;DI 2;20
Römerstr. 35-38;MI 2;DI 2;DI 2;13
Flofrerstr. 39-8o;DI 2;DI 2;DI 2;13
RömersL  87-157;III 2;DI 1;DI 2;3
Römerstr, 341;M0 1;M0 1;DI 2;12
Röntgenstr.;D0 2;D0 2;D0 2;12
Rosenstr.;MI 2;MI 2;MI 2;5
Rosmarinweg;M0 2;M0 2;M0 2;18
Rossinistr.;M0 1;M0 1;M0 2;6
Rostocker Str.;D0 1;FR 2;M0 1;30
Rotdornweg;M0 2;M0 2;M0 2;8
Röttgersbank;DI 2;DI 2;D! 2;20
Roümanskamp;FR1;FR 2;M0 1;12
Rottstraße;FR1;FR 2;M0 1;9
Rudolf-Virchow-Str.;D0 2;D0 1;D0 2;29
Saarlandstr.;Mi 2;MI 2;MI 2;2
Sachsenstr.;U0 2;DO 2;CO 2;16
Salmsweg;D0 1;M0 2;M0 2;30
Sanddornweg;M0 2;MO 2;M0 2;8
Sandweg;DI 1;DI 1;DI 2;3
Saturnweg;D0 2;D0 2;D0 2;14
Sauerbruchstr.;FR 2;MI 1;FR 2;11
Sauerlandstr.;D0 2;D0 2;D0 2;16
Schachtstr. 1-104/ 111;FR 2;FR1;FR 2;27
Schachtstr. 112-196;FR1;FR 1;FR 2;27
Schachtstr. 225-296;FR 1;FR 2;M0 1;12
Schadowstr.;FR 1;FR 1;FR 2;26
Schäfergasse;MI 2;MI 2;MI 2;17
SchiTdstr.;M0 2;M0 1;DI 2;21
Schillerstr. 1-75;FR 2;FR1;FR 2;25
Sel illerstr. 77-117;D0 1;D0 1;FR 2;28
Schinkelstr.;FR 1;FR 1;FR 2;26
Schkopauer Str.;MI 2;MI 2;MI 2;10
SchlesisChe Str.;MI 1;MI 1;MI 2;2
Schleswiger Str.;D0 2;D0 2;D0 2;16
SchTüterstr.;FR1;FR1;OR 2;26
Schmielenfe!dstr.;M0 2;M0 1;DI 2;21
Schneeballweg;M0 2;M0 2;M0 2;18
Schockenbrauk;FR1;FR 2;M0 1;1
Scholvener Str.;FR 2;FR 2;M0 1;9
Schreierstr.;D0 2;DO 2;D0 2;16
Schubertstr.;DI 2;DI 2;M0 2;22
Schulstr.;M0 1;M0 2;M0 2;8
Schumannstr.;DI 2;DI 2;M0 2;23
Schürenkamp;MI 1;MI 1;MI 2;2
Schüttfeldstr.;D0 2;MI 1;D0 2;29
Schutzenstr.;FR1;FR 2;M0 1;1
Schwabenstr.;MI 1;MI 1;MI 2;2
Schwa!benstr.;DT  2;DI 2;DI 2;15
Schwanenweg;DI 2;DI 2;DI 2;20
Schweriner Str.;D0 1;FR 2;M0 1;30
Seidelbastweg;MO 1;M0 2;M0 2;8
Sibe!iusstr.;M0 1;M0 1;M0 2;6
Sickingmühler  Str. 1-64 / 73;D0 1;D0 2;D0 2;5
Sickingmuhler  Str. 66-110b;MI 2;D0 2;MI 2;5
Sickingmühler  Str  124-216;MI 2;MI 2;MI 2;5
Sickingstr.;DI 2;DI 1;DI 2;3
SiebenteicLe;FR1;FR 2;M0 1;1
Siebenwinkel;FR 2;FR 2;M0 1;9
Siedlungsstr.;FR1;FR1;FR 2;25
Siegerlandstr.;D0 2;D0 2;D0 2;16
Siegfriedstr.;MI 2;MI 2;MI 2;24
Silvertstr.;DI 1;DI 1;DI 2;3
Sinsener Weg;M0 1;DI 1;DI 2;12
Smetanastr.;M0 1;M0 1;M0 2;6
Sonnerscheirstr.;DI 2;DI 2;DI 2;20
Spechtstr.;DI 1;DI 1;DI 2;19
Sperberweg;D! 2;DI 2;DI 2;15
Sper!ingstr. (außer 24-26);DI 2;DI 2;DI 2;19
Sperlingstr. 24-26;DI 2;DI 2;DI 2;15
Spiekerooger Str.;MU  1;MU ?;M0 2;22
Spiekerskamp;III I;I II  I;III 2;
Spreewaldstr.;MI  I;MI  I;MI 2;'CO
Starenweg;I il  t;IBl 1;0I 2;1b
Stargarder Str.;I x›  I;IJtJ;D0 2;4
Steinstr.;I ›i i .’;UfJ 1;D0 2;29
Stettiner Str.;I Jf i;I JfJ  1;D0 2;4
Stieglitzweg;ml  1;I›l 1;DI 2;19
Stübbenfeldstr.;I !J  I;I lt :›;M0 1;30
Swinemünder  Str.;!›L) T;lJ‹i 1;D0 2;4
Tannenstr.;DI 2;DI 1;DI 2;3
Taubenstr.;DI 2;DI 2;DI 2;15
Taunusweg;MI 1;MI 1;MI 2;2
Teck!enburger  Str.;D0 2;D0 2;D0 2;16
Teichstr.;FR 2;FR 2;M0 1;26
Theodor-Storm-Str.;D0 2;MI 1;D0 2;29
Thomas-Mann-Str.;D0 1;D0 1;FR 2;28
Thüringer Str.;MI 1;MI 1;MI 2;2
Tilsiter Str.;D0 1;D0 1;D0 2;4
T0ingskarnp;FR1;FR 2;M0 1;12
Treibweg;DI 1;DI 1;DI 2;7
Triftstr.;DI 1;DI 1;DI 2;3
Trogemannstr.;M0 2;M0 2;M0 2;13
Troisdorfer Str.;MI 2;MI 2;MI 2;10
Tulpenstr.;MI 2;MI 2;MI 2;5
Uckermarkstr.;MI 1;MI 1;Ml”2;3Ö
Uerdinger Str,;MI 2;MI 2;MI 2;10
Uhlandstr.;D0 1;D0 1;FR 2;28
Unterkamp;FR 2;FR 2;M0 1;9
Uranusweg;D0 2;D0 2;D0 2;14
Veilchenstr.;MI 2;MI 2;MI 2;5
Veit-Stoß-Str.;FR1;FR1;FR 2;26
Vennheider Weg;DI 1;DI 1;DI 2;7
Vennkamp;DI 1;DI 1;DI 2;7
Venusweg;D0 2;D0 2;D0 2;14
Verbindungsweg;D0 2;D0 1;D0 2;29
Victoriastr  1-5;MI 1;M0 2;M0 2;13
Victoriastr. 7-11 / 2-44;M0 2;M0 2;M0 2;13
Victnriastr. 13-Ende / 46  Ende;DI 2;DI 2;MO 2;13
Vik‹ii i‹!!:li.;FFA F;f II;M0 1;20
Vollratlisk‹imt›;I lt  2;I l\ 1;FR 1;25
Von-Flotow-Sli.;I›I :’;III 2;MO 2;22
Von  Gaben-Str.;IJ0 2;MI 1;D0 2;29
Von-MenzeI-Str.;FH 1;FR1;FR 2;26
Von-Schwind-Str.;FR1;FR1;FR 2;26
Vor den Buschen;M0 2;MO 1;DI 2;21
Voßkamp;D! 1;DI 1;DI 2;7
Wacholderstr.;M0 2;M0 2;M0 2;8
Wachte!str;DI2;Dl2;DI2;15
Wagnerstr.;M01;M01;M02;6
Waldstr.;M01;DI1;DI2;12
Waldstr. 39;D! 1;DI 1;DI 2;12
Wallstr.;M0 1;M0 1;M0 2;18
Wangerooger Str.;M0 1;M0 2;M0 2;22
Wasserwerksweg;DI 1;DI 1;DI 2;7
Weidenstr.;DI 2;MI 1;MI 2;22
Wei8dornweg;MO 2;M0 2;M0 2;8
Wellerfeldweg 1-13;D0 1;MI 1;MI 2;12
Wellerfe!dweg 51-238;MI 1;MI 1;M! 2;2
Wendlandstr.;D0 2;D0 2;D0 2;16
Werrastr.;D0 2;FR1;M0 1;12
Weserstr.;D0 2;FR1;MO 1;12
Westerholter  Str. 5-43;FR 2;FR 2;M0 1;26
Westerholter Str. 44-160;FR1;FR 2;M0 1;26
Westfalenstr.;D0 2;D0 2;D0 2;16
Widukindstr.;MI 2;MI 2;MI 2;24
Wielandstr.;MI 2;MI 2;MI 2;24
Wiener Str.;FR 2;FR1;D0 2;4
Wiesenstr.;MI 2;MI 2;MI 2;17
Wieskämper Weg;FR 2;FR 2;M0 1;1
Wilhelm-LehmbrucK-Str.;FR1;FR1;FR 2;26
Wilhelmstr.;D0 2;D0 1;D0 2;29
Wilhelm-Wemmer-Str.;FR 2;FR1;FR 2;11
Willy-Brandt-Allee;DO 2;D0 2;D0 2;14
Winkelstr.;FR 2;MI 1;FR  2;11
Wittebergweg;FR1;FR1;FR 2;12
Wittenfe!dstr.;MI 1;D0 2;MI 2;17
Wolfener Str.;M! 2;MI 2;MI 2;10
Wüllers Weg;FR 2;FR 2;M0 1;1
Zechenstr.;f”8 2;D0 1;FR 2;29
Zeisigstr. (außer 31-J3, 36  50);DI ü;DI 2;DI 2;19
Zeisigstr. 31- 33, 36  50;DI 2;DI 2;DI 2;15
Zeppelinstr.;FR 2;FR1;FR 2;25
Ziegeleistr.;MI 1;MI 1;DT  2;13
Zollvereinstr.;DI 2;DI 2;DI 2;20
Zu den Mühlen;FR 2;FR 2;M0 1;1
Zum SeilfahrtsChacht;M0 1;DI 1;DI 2;12
ZurFreiheit;DU;Dl1;DT2;7
ZurHöhe;M02;M01;DI2;21